CATAID,TARGET
287931,0
229164,0
509553,1
623594,1
123687,1
77467,1
320549,0
512301,1
130981,0
3610784,0
99654,1
3858812,1
346001,1
3631902,1
386286,1
164379,0
49230,0
84880,1
593874,1
508312,0
585196,0
492762,0
132428,1
512312,0
278353,1
380670,0
250331,0
48202,1
573682,1
594845,1
298761,0
84335,0
570366,0
363556,0
362704,0
185532,1
250257,0
622032,0
49937,0
251384,0
383336,1
323805,0
62334,0
386481,0
171642,0
99348,1
63764,1
124433,0
117446,0
402757,0
300740,1
695915,0
517164,1
278493,0
543439,1
278134,1
265429,0
518828,0
23104,1
219730,0
493992,1
237656,1
106541,1
85924,0
22240,0
97926,0
342150,1
272302,1
49761,0
250292,0
198507,0
28770,1
610083,1
372539,1
239289,1
265203,0
70446,1
178210,1
218746,1
297440,1
342114,0
619989,1
622768,1
297010,1
372123,0
48352,1
49375,1
600038,1
623677,0
23381,0
367316,1
509670,1
65214,0
508195,1
544275,1
30615,0
3855610,0
601433,1
186170,0
551061,1
250663,0
64284,1
373171,0
30947,0
537035,0
516813,1
508640,0
261697,0
63779,1
378046,1
600781,1
278350,0
63163,1
600973,0
617935,0
297616,0
240541,1
91875,1
583682,0
279932,0
302031,0
177604,0
62332,0
85810,0
300722,1
485804,1
144537,0
425811,0
300757,0
172851,0
262301,0
77452,1
609307,1
388146,0
262342,1
3600126,0
378109,0
261718,0
48848,0
320106,1
221334,0
261518,1
178486,1
535764,0
129778,0
396740,1
319227,1
262045,1
227407,1
40021,1
8892,1
296677,1
3891081,0
263053,1
319651,0
381160,1
231180,1
171671,0
266796,1
301996,1
250873,1
592646,1
341557,1
145572,1
594063,0
39059,1
278513,1
320829,0
551067,0
375817,0
3613899,0
105442,1
3633567,0
164634,0
164677,0
130139,0
288852,0
347471,0
381386,1
49204,1
568222,0
164449,1
504678,0
28758,0
230418,0
372133,0
297629,1
551194,0
144630,1
272707,1
617696,1
511728,0
508301,1
593812,1
91435,1
40851,1
123208,0
21994,0
220372,1
15518,0
560883,1
551644,1
380672,1
184578,1
386674,1
396803,1
107799,1
592876,1
536673,1
423187,1
3909064,1
3156616,0
508224,0
273838,0
585000,0
202531,1
272549,1
130037,1
240500,1
297705,1
91971,1
560918,0
130216,0
512890,1
348115,0
131876,0
30764,1
23077,1
600417,1
70491,0
130067,0
123807,0
3900203,1
40419,1
506119,0
105733,1
22597,0
543500,1
219727,1
508351,1
320277,0
543605,0
271610,0
262298,0
345755,0
279838,0
70020,1
7139,0
63344,1
79901,1
278231,1
54190,0
30395,0
79036,1
183881,0
296859,1
419370,0
289311,1
171542,0
164145,0
265744,1
387680,0
348118,1
3890460,1
497008,1
265388,0
534585,1
250247,0
375787,0
550542,1
31441,1
570240,0
204377,1
71119,0
585432,0
537057,0
8011,0
3886872,1
492784,1
250300,1
209856,1
91961,0
3605196,0
622349,0
124426,0
165454,1
518497,1
386406,0
485583,1
618993,1
485279,0
287978,1
543553,0
550705,0
367340,0
545903,0
39472,0
594958,1
136621,1
238958,0
137309,1
319137,0
301754,0
289957,0
300694,0
265087,0
584618,1
6816,1
7688,1
342111,0
250241,0
397207,0
70486,0
362521,0
124377,0
23278,0
521532,1
62330,1
93700,0
138142,0
288947,0
272636,1
177922,0
508187,0
15161,0
209184,0
619898,1
145574,1
177424,0
92072,1
22583,0
37009,1
163886,0
362696,0
593011,1
214255,1
512191,1
48612,0
512581,1
298549,0
251021,0
3577328,0
511776,1
618142,0
567484,1
273887,0
418951,1
381155,0
593632,1
172098,0
513164,1
3612923,1
377562,0
599310,1
144253,1
508671,0
227965,1
3888628,0
47725,0
36880,0
573755,1
265075,1
460643,0
485097,0
170913,0
15666,1
492941,0
49941,0
518913,0
663408,0
219703,0
348185,1
164902,0
143549,1
534737,1
83921,1
97858,0
17294,0
485601,1
383130,1
14542,1
78740,0
186470,0
165011,0
250573,1
79302,0
345523,0
320285,0
250261,1
124380,0
567573,1
93803,0
48965,1
8130,0
599878,1
85641,1
280105,0
3616134,1
184042,0
517072,1
229004,1
238608,1
561271,1
177441,0
179184,1
78623,1
319172,1
610978,0
250464,0
137838,0
521838,1
172073,0
221283,0
85625,1
53770,1
457648,1
65524,1
396599,1
227702,1
550781,0
123855,0
164693,1
32270,0
177334,0
568050,0
228219,1
144402,1
347398,0
3861594,1
381980,0
300406,0
227567,1
48023,1
205177,1
272188,0
83809,0
387504,1
30367,0
164071,0
78522,0
300618,0
422958,1
271948,0
48515,0
177228,0
16386,0
417289,0
301609,0
119012,1
70186,0
124571,1
3903675,0
3635227,1
318913,0
273546,0
251225,0
574313,1
592808,0
371703,1
130207,0
617656,1
383268,1
23247,1
492437,1
214191,1
296725,1
204892,1
55162,1
47686,1
228742,0
344047,1
23115,1
78814,1
85885,1
446738,1
172700,0
124420,0
376818,1
263069,1
8487,0
85416,0
617971,1
251012,1
620124,1
323112,1
238720,1
130355,1
287690,0
249915,0
618929,0
272790,1
36881,0
601013,1
611004,1
251193,1
318846,0
365334,0
106926,1
267541,1
250259,0
164689,1
323376,1
561645,0
345655,1
363584,1
202398,1
219728,0
345735,0
362137,1
486536,0
144371,1
575321,1
273832,1
551075,0
210964,1
375599,0
31525,0
289522,1
3578470,1
505341,0
273963,0
342147,0
324157,0
17093,0
145335,1
125463,1
343649,1
342368,1
197389,1
599076,0
165670,0
208951,1
3622141,0
79748,0
267524,1
136842,0
622979,0
507878,1
543770,0
130143,0
185885,0
511559,1
229162,1
164470,0
48804,1
372374,1
98990,1
55299,0
601094,1
17374,1
39522,1
40445,0
30467,0
342908,1
78651,1
347570,1
84610,0
345872,1
370941,0
3891082,0
56181,0
139001,1
511887,0
324243,1
24026,0
380580,1
54462,0
382216,0
3883856,0
372447,0
715652,1
230289,0
508751,0
172320,0
508225,0
198343,0
78842,1
64686,1
560836,0
204093,1
322910,1
279891,1
543490,1
17290,1
171488,0
79866,0
105419,0
39342,1
77373,1
296586,0
220462,0
375792,0
171136,0
3556306,0
86215,1
348274,0
592872,1
511935,1
521769,1
372653,1
610933,1
460638,1
171416,0
55916,1
250472,0
239106,0
592858,1
363437,1
54201,1
364049,1
16022,0
41051,0
85881,1
79711,1
16519,1
30953,0
3616831,1
143824,1
7970,0
117062,1
343203,0
118211,1
321013,1
598948,0
164769,0
64240,1
323646,1
130213,0
363759,1
297030,1
594966,1
377464,1
362706,0
252020,1
543550,0
550226,1
346006,0
238514,1
584683,0
509276,0
574384,1
549314,1
197843,1
37036,0
165462,0
231528,0
3852324,0
383265,0
165334,1
55098,0
221272,1
289176,1
55148,0
238130,0
99795,1
361918,0
585765,1
319333,1
273411,0
32397,1
279934,0
504923,1
136240,1
32019,0
575587,0
601210,0
377463,0
288364,1
7969,0
48010,0
321035,0
377675,0
48918,1
371117,0
534733,1
296855,1
124196,1
273849,0
348149,1
618285,1
84900,1
184261,0
288304,1
53702,1
375559,1
507916,1
250378,0
536031,0
659897,0
69378,0
372176,0
3630097,1
297683,1
48379,1
210230,0
143785,1
373127,1
492987,0
287629,1
64145,1
509108,1
171175,0
561785,0
417779,1
550750,0
545236,1
129980,1
130979,1
545012,0
49051,0
383089,1
165936,0
396801,0
618476,0
165770,1
296795,0
3874259,0
586523,1
3911984,1
91543,0
561636,1
208860,0
177448,1
41062,0
92234,1
144562,0
346005,1
177478,1
251536,0
508128,1
262397,0
216156,0
619406,1
609717,0
318971,1
363267,1
117295,0
48428,0
380697,0
387042,0
278168,1
376590,0
343636,1
39060,1
136511,1
301937,0
289113,0
320037,1
342706,0
618496,1
601325,0
118215,0
570203,0
610972,1
271377,1
396613,0
202496,1
537361,1
381151,0
132402,1
170327,1
511911,1
372446,0
301559,0
3583206,0
592421,1
376705,0
261339,0
504879,0
373151,1
41135,0
177165,0
240453,1
319215,1
298791,0
342199,0
3618160,0
324504,1
138980,0
132031,1
3901441,1
345605,0
240328,1
610617,1
514216,0
30396,0
7972,1
91963,0
575501,1
419280,0
132521,0
319807,1
178865,1
100192,1
23114,0
296892,1
362744,1
106078,1
47312,1
516975,0
123457,0
287794,1
48542,1
40428,1
93259,1
507917,1
210827,1
505975,1
47753,1
417449,0
422389,0
343145,1
321215,1
881005,0
318635,0
202855,1
346317,0
492596,1
252249,0
261911,0
23865,1
261516,1
585456,1
592272,0
163615,0
575412,0
422721,1
544218,1
3592981,0
6930,1
8915,0
543536,0
371228,1
341431,0
517244,0
272155,1
343005,0
124247,1
79098,1
64207,1
30364,0
301764,1
382154,0
508316,0
70188,0
129977,0
71580,0
205160,0
509875,1
543642,0
507749,1
118368,0
460323,1
177644,0
325321,0
544708,1
610874,1
214743,1
423133,1
31775,0
216716,0
136442,0
3608291,0
287692,0
623043,0
250608,0
560839,1
48143,1
371201,1
397446,1
492259,1
250800,0
342013,0
319998,0
346199,1
504910,1
262249,1
396583,0
508268,0
486057,1
422501,1
518914,0
397061,1
345767,0
345814,0
3913340,0
249829,0
107135,0
122930,0
131762,1
324845,0
262089,0
266910,0
3594175,0
209185,0
3606022,0
32443,0
230786,0
342122,0
39232,1
592401,1
569164,1
371180,0
123843,0
611768,1
372142,0
319661,0
599834,0
325467,0
301615,0
543797,1
123077,1
386213,0
3581655,1
289116,1
364065,1
3618170,0
381222,1
231834,0
508677,0
386484,1
517210,0
125527,1
124346,0
99606,1
179664,1
70547,1
296916,1
238500,0
208698,1
54415,0
296992,1
3867449,0
3608797,1
376586,0
92592,0
238212,0
3616601,0
381465,0
534755,0
91694,1
618084,1
3579300,0
301203,0
53706,0
3889599,0
262299,0
509393,0
572402,1
123467,0
3911169,1
362638,0
543752,1
250470,1
231349,0
278045,1
64096,1
221342,0
3910146,1
548873,1
381157,0
3555687,0
164539,0
172638,0
250439,1
320068,1
48053,0
527984,0
371175,0
209698,1
47243,0
550625,1
363184,1
506129,1
16166,0
298482,0
184057,1
230558,0
177779,1
124156,0
125751,1
321467,0
129768,0
124443,0
600420,1
492272,1
521997,1
203011,1
601458,1
362633,0
23266,0
106763,1
179012,1
492385,1
347010,1
238526,1
373160,0
47657,0
381229,0
593814,0
15961,1
3889350,0
3627036,0
371171,0
209292,1
484746,1
131412,1
214483,0
130038,1
202479,1
418957,0
273888,0
371186,0
229513,1
509253,1
549313,0
15317,0
265179,0
49677,1
250983,1
342699,0
210165,1
521991,1
230458,0
8527,1
31059,0
178472,0
593916,1
171133,0
23118,0
164423,0
177185,0
266653,1
238453,0
417440,0
65083,0
92435,0
143270,0
39396,0
36910,0
486003,0
238480,1
365396,0
3890268,1
238409,0
49702,1
363370,1
593807,0
251073,0
279908,1
319723,1
98880,0
396802,0
37006,1
319140,0
560745,0
323507,1
99509,1
298161,1
118219,0
106742,1
493024,1
36915,1
265780,1
423728,1
214268,1
77785,1
297096,0
261772,0
325322,0
600421,1
611240,1
493290,1
300695,0
99126,1
545454,0
345766,0
362462,0
3599553,0
487019,1
584648,0
65078,1
123812,1
172075,0
209701,1
143656,1
3852235,0
419548,0
250337,0
261694,1
92778,0
171442,0
508507,1
165588,0
487143,1
70145,0
53977,1
319526,0
116309,1
62374,1
417475,0
144354,1
517590,0
47941,0
84106,0
163926,1
505366,1
319067,0
278085,1
543895,1
47254,0
250568,0
124616,1
380698,1
138452,1
136861,0
7852,1
54270,0
3852257,1
544722,1
559084,1
65237,1
492417,1
62392,1
210851,0
534840,1
302755,1
460583,1
3616371,0
24399,1
518222,1
508189,1
165245,1
164210,1
78428,1
240205,1
622932,1
342073,0
367196,0
123424,0
319416,1
367306,1
105848,1
186538,0
91974,1
610392,1
319431,0
485922,1
600024,1
568220,0
3600160,0
229066,0
166203,0
265532,0
8223,0
363219,1
177434,0
266992,1
177497,1
106549,0
138173,1
31623,0
622787,1
417413,0
535413,1
205086,0
172045,0
70064,1
117079,1
568247,1
15851,1
54381,0
54956,1
56060,0
512215,1
370988,1
271591,0
100083,0
567464,1
319293,0
64420,1
517167,1
372499,1
23153,0
484818,1
178031,1
164471,0
3630895,0
186517,1
48100,1
418574,1
373156,0
172726,0
179359,1
642106,0
70612,0
30817,1
250248,0
319498,0
485099,0
50015,1
287892,0
544304,0
228614,0
105448,1
39475,1
99203,0
15481,0
22070,1
215192,1
3855711,1
297304,0
238325,0
343000,0
99932,1
560288,0
623707,1
131421,0
422832,0
92466,0
320752,0
228349,1
210471,0
266033,0
250251,0
534759,1
86270,0
586321,0
346861,1
618650,1
618605,0
91399,0
250237,0
505770,1
545020,0
136443,0
512351,0
117438,1
425744,1
3616609,1
363051,1
84740,0
386278,1
99983,0
363434,0
9322,0
623615,1
55143,0
3876400,0
491953,1
618173,1
288014,1
417441,1
618930,0
617767,0
619926,1
251367,1
514215,0
54974,1
49260,1
267209,1
534753,1
485684,0
84611,1
288932,1
484708,1
397298,0
172734,0
272824,0
47617,1
124375,0
65418,1
567543,0
320998,1
69717,0
610816,1
551066,1
372192,0
3577335,0
593744,1
543554,1
137081,0
485988,1
185088,0
54500,0
492945,1
535317,0
98211,0
99973,0
123253,0
137732,0
381162,1
296599,1
231837,1
105381,1
92684,0
261673,0
318608,0
319402,0
522076,0
31480,1
117078,1
92431,0
345648,0
491608,1
3874883,1
138080,1
296512,1
229306,1
344019,1
249909,1
8299,0
371261,1
266824,0
319762,0
23110,1
267110,1
261998,1
272042,1
300853,1
584723,0
593124,1
228217,1
84517,0
16507,0
208652,0
278804,0
31497,1
561685,1
3603761,1
551619,0
419574,0
511923,0
583443,1
371677,1
381325,0
423041,1
417451,0
418680,0
517279,0
610124,1
3888838,0
343744,0
323242,0
386268,1
361674,1
267010,0
289153,1
623726,1
266975,1
24102,0
250834,0
117279,0
300691,0
7715,0
48740,0
70846,0
278368,0
230453,0
3576691,0
380740,0
16537,1
508181,0
568802,1
49363,1
288910,1
618900,1
598947,0
166145,0
345479,1
179245,1
321079,1
535424,1
219699,1
132318,1
70023,1
3600120,0
600968,1
40278,1
508478,0
23147,1
419547,0
521823,0
388136,1
535014,0
251317,1
239264,0
570214,0
346888,0
600677,0
204876,1
521861,1
288096,1
570363,0
3628809,1
593357,0
198591,1
549706,0
361653,1
323102,0
229112,1
69862,0
342019,0
3624877,0
205210,1
227970,1
518485,1
144605,0
22128,0
117403,0
205020,1
165896,1
143285,0
288518,0
288689,0
560287,0
419345,0
228722,1
618976,0
70610,1
422683,1
543494,1
131415,0
569383,1
3557348,1
372795,0
69517,1
49784,0
505538,1
49193,1
618612,0
41172,0
266881,0
79172,0
460456,0
145354,1
278074,1
251110,1
660107,0
3593587,1
618669,1
323599,1
3627079,1
570207,0
371882,0
623142,1
288891,1
261207,1
375694,1
177750,0
386224,0
172850,1
6964,1
512902,1
49830,1
266511,1
92894,1
548999,1
417580,0
6844,0
600882,0
143889,0
184308,0
519036,1
362749,1
296936,1
124440,0
594933,0
210666,1
263146,0
485705,1
323594,0
380962,1
230207,0
85958,1
97750,1
296743,0
48049,0
3614096,1
3879735,1
64085,0
272990,0
551505,0
376066,0
485224,0
617425,1
14552,0
105420,0
8307,0
138346,0
417480,0
266510,1
536334,1
266158,0
514026,1
31069,1
594731,1
41059,0
387714,1
618830,1
508491,0
551636,1
251537,1
265088,1
17390,0
319910,1
423794,0
535088,0
214543,1
592430,0
252017,0
3890898,0
136881,1
508480,1
98162,1
301381,1
521348,0
505313,0
239151,0
302004,1
171188,1
118938,1
342579,1
83904,0
422289,1
202480,0
91988,0
592164,1
238316,0
298958,0
3886434,0
537129,0
99742,1
610357,0
230796,0
267014,0
216222,1
56250,0
210070,0
272820,0
319058,0
210146,0
3611348,0
163993,1
301795,0
3912128,0
301593,1
321483,1
70903,0
511617,0
544418,1
163556,1
30945,0
617622,1
251969,1
197419,1
92381,1
3875229,0
272257,1
585226,1
560406,0
508705,0
610572,0
342591,1
3613132,1
324500,1
485647,0
512555,0
601577,0
177728,1
79688,0
3874874,0
85211,1
3907431,0
376645,1
62337,1
106288,0
3890637,0
220330,1
279148,1
618662,0
396865,0
492281,1
23591,1
345770,0
419535,0
599873,1
536467,1
594111,1
21910,1
507721,0
288758,1
617693,0
370987,0
129951,1
508143,0
361919,0
99428,0
214748,1
203395,1
177342,0
575672,1
487114,0
544853,1
509397,1
561594,0
79334,0
287995,1
3613457,1
620119,1
208560,0
492207,0
348010,0
177766,1
77214,1
216184,0
610395,1
266208,1
343344,0
567803,0
238218,0
9032,0
585121,1
300477,1
361745,1
220465,0
39322,1
93885,1
290204,1
594316,1
210948,0
69604,0
298572,1
203794,1
65406,1
136602,0
322950,1
622163,0
504149,1
15190,1
611298,0
265411,1
592665,0
485506,0
371454,1
7206,1
387516,1
509876,0
250235,1
611221,1
601248,0
7209,0
363261,1
166280,0
250046,0
8450,0
70669,1
214363,0
92770,1
486990,1
323566,0
131446,1
388556,1
492169,0
323575,1
164688,0
623682,1
543598,0
3881366,0
8953,0
561836,0
289732,0
505438,0
144340,0
345815,1
143599,0
250157,1
118216,0
41136,0
144673,0
418798,1
262344,0
508551,1
252131,1
8488,0
124576,1
343169,1
265962,1
418737,1
220308,1
363081,1
22883,0
549070,0
54339,1
486874,0
227050,1
230399,1
610397,1
422933,1
376644,1
506026,1
3891223,1
319091,1
78384,1
569789,1
559584,1
622228,0
220268,1
3889164,1
598929,0
491960,1
16372,1
171172,0
517218,0
550535,0
177667,0
261375,1
172214,0
548835,0
485610,1
560702,0
543436,0
278773,0
251439,1
216262,0
3613231,1
346894,0
54852,0
130030,0
287693,0
136312,0
8709,0
362607,1
17385,0
3582600,1
91689,0
599290,1
40110,0
41050,0
377026,1
273852,0
585624,0
372141,1
536005,1
319953,1
130971,0
30701,1
48118,1
138094,1
422837,1
446755,1
575584,0
549251,1
8490,1
372452,0
460847,1
261219,0
177675,1
298106,1
91328,0
3904357,0
319221,1
7793,1
266035,1
171673,1
54923,0
585216,0
279868,0
505371,0
536201,1
3911242,0
497060,1
545091,1
550798,1
301607,0
123786,0
593215,0
319601,1
85205,0
239258,1
367148,1
378110,0
198631,0
231529,0
163917,0
98339,1
511532,0
362311,0
31274,0
575237,0
3576609,0
30394,0
17259,1
250269,0
99116,0
203684,1
618937,0
296435,0
521738,0
220216,0
536962,0
230327,1
221276,0
492720,1
536953,1
3873996,0
21929,0
137206,0
262291,0
143778,0
30362,1
184041,0
486864,1
93825,1
186803,1
574679,1
611220,1
123791,1
165389,1
177260,0
493877,1
544249,1
497069,1
288486,1
376178,1
521922,0
123917,1
592616,1
341733,1
511993,1
15847,1
321063,1
170649,0
513250,1
55373,0
3853626,0
138030,1
660197,1
507719,0
143731,1
320148,0
49942,1
560800,1
537073,1
271977,0
372322,0
130812,1
345852,0
560295,0
545456,1
230789,0
371295,0
85160,0
610938,0
214269,0
320889,0
54694,0
39057,0
117073,0
610991,0
592863,1
100119,0
300411,0
62197,1
170581,1
31957,1
537090,1
574285,1
3604144,1
273834,1
144337,0
250665,0
300529,1
551596,1
375531,1
610435,0
250557,1
568407,1
560946,1
7104,0
184370,1
130241,1
170651,1
209316,1
48666,0
93760,1
210148,1
23483,1
31128,1
622084,1
319044,1
84418,1
84459,1
380734,0
3902732,0
278390,1
342238,1
70022,0
185567,0
124437,0
288992,1
544923,1
70824,1
250270,0
487010,1
372183,1
185596,0
611107,0
16515,0
636327,1
70319,0
692351,1
93882,1
99197,1
250226,0
220282,0
98263,1
55048,0
518829,0
214296,0
287658,0
99034,0
9038,1
402995,1
545308,1
249572,0
85418,1
116948,0
118671,0
371274,1
165547,0
397037,0
118980,0
202430,1
422562,0
380674,0
544181,1
3616695,1
618100,0
318822,1
136238,0
40403,0
513348,1
278209,1
376598,0
506116,0
508565,0
9115,1
517205,0
570197,1
165154,1
265539,1
397365,1
250114,1
172119,1
618138,0
544028,1
546026,0
418529,1
266534,1
125066,1
118064,1
601575,0
84942,1
260757,1
610436,1
137350,1
537171,1
417447,0
165100,0
301606,0
3609196,1
298742,0
116765,0
544259,0
70490,1
130226,0
238458,0
197842,0
507720,0
252182,0
261117,1
660155,0
362709,0
506120,0
601256,0
93958,1
98910,1
227479,0
123854,0
362748,0
30393,0
71028,0
144336,0
279910,0
535966,1
347396,0
619905,0
63049,1
319253,1
124416,0
40492,1
504959,0
271431,1
342120,0
21887,1
97907,0
91568,0
536994,0
543599,0
325381,0
144714,1
544506,1
380711,1
221097,1
537036,0
517256,1
85812,1
172498,0
568728,1
519141,0
342117,1
22554,1
535007,1
342708,0
3861920,0
586352,1
514022,0
123705,1
376136,1
266746,1
166066,1
383350,1
23088,1
346718,1
521372,0
144057,1
265124,0
423784,1
343680,1
117484,0
509874,0
485887,0
297928,1
210655,1
177225,0
382398,0
41026,1
229126,1
550703,0
179617,0
422277,1
383049,0
376115,0
508769,1
851165,0
202376,0
618905,0
250232,1
220437,0
164060,0
124477,1
124372,0
54081,0
202408,0
363882,0
618106,1
56128,1
250122,0
321146,0
748907,1
196770,1
15327,1
15166,0
619637,1
229160,1
65472,1
85431,1
55328,0
6926,1
130259,0
376001,0
171801,0
3556603,1
363345,0
92059,1
346623,0
622305,1
230884,1
198476,1
569433,1
48329,1
124345,0
186539,0
179187,1
231825,1
388476,1
543489,0
550227,0
272645,1
610805,0
521859,0
272995,1
594992,0
383148,1
302995,0
215052,0
567450,1
179175,1
610937,0
93804,1
171152,0
486203,0
300756,0
301713,1
289992,1
559609,1
521866,0
85113,1
239292,0
265514,1
137808,1
513145,0
230904,0
346887,0
41060,0
593008,0
594053,0
342025,1
215053,1
361920,0
622210,0
263175,0
24433,1
3875596,1
164459,0
54382,1
93500,1
239026,1
125773,0
583383,1
116743,1
107528,0
551576,1
272997,0
106309,1
238400,1
262043,0
3594188,1
53795,1
375790,0
250466,1
505316,1
598923,1
54938,1
99259,1
92782,0
130061,0
273493,0
32271,0
342511,1
138143,1
238523,1
298611,0
266652,1
289262,1
238795,1
568939,1
138161,1
371094,0
610976,0
610404,0
619161,0
77219,0
362688,0
560976,0
93671,1
423267,0
387047,1
3911227,0
371207,0
302894,0
3876920,0
107349,0
132338,1
514169,1
322949,1
240523,0
517215,0
138662,0
346624,1
508678,0
386618,0
130983,0
377998,1
106815,0
22582,0
3858299,0
172228,1
39477,0
84743,0
345765,0
551657,1
186059,0
184010,0
320949,1
203833,0
53725,1
546021,0
215306,0
22757,1
123691,0
106389,1
371258,1
3890681,0
7293,1
23519,1
186468,0
261615,1
23629,1
521949,0
177481,1
220442,0
8866,1
544258,1
262536,0
221094,0
287882,1
485883,0
301760,1
569614,1
496901,0
3895823,1
129807,0
610159,0
543564,1
30922,0
92434,0
210375,0
419650,0
3575441,0
509726,1
417511,1
3635222,0
164639,0
546040,0
267545,1
210823,0
537240,1
417446,0
210887,0
220280,0
214211,0
3616570,1
262361,0
460682,0
342162,0
504579,0
3592989,1
53672,1
298463,1
221205,1
23273,1
619480,0
3616976,1
77238,0
345678,1
62361,0
568241,1
280107,0
592384,0
177336,0
521898,1
85559,0
92743,1
38941,1
55193,1
402546,0
221017,0
85707,0
227259,1
460305,1
367412,1
98755,1
618947,0
198506,0
376712,1
545576,1
636280,0
751313,0
569617,0
271611,0
574119,1
388552,1
492480,0
323593,0
221375,1
178950,0
319347,0
272189,1
231729,0
272829,0
92884,0
70856,1
3913987,1
125026,0
594049,0
536428,1
381383,0
165795,0
508126,1
561774,1
143735,0
265941,0
99120,0
62336,0
536454,0
70670,0
601400,0
209900,1
460848,1
214895,0
536625,1
23346,1
40490,0
266335,0
324887,1
79736,1
186473,1
619146,1
261301,0
381068,0
184184,1
372600,0
3616361,1
15664,0
600597,1
718506,0
611000,1
54197,0
63211,1
485739,1
56067,0
132399,0
569133,1
376489,1
279913,0
660108,0
70088,0
377917,0
386285,1
185592,0
271894,1
47217,1
320849,0
62518,1
418743,0
377384,1
79706,0
585698,0
376188,1
230422,0
186450,1
216187,0
543807,1
63389,1
279326,0
184550,0
3907189,0
124828,0
47295,0
347902,1
619118,1
3576986,0
289202,0
618988,0
347395,0
177333,0
99934,0
249934,0
485109,1
221028,1
196565,1
288806,1
319381,1
3890660,0
136616,0
124759,0
618906,1
215821,0
131042,0
32140,0
325409,1
594261,1
71146,1
273242,1
250329,0
561121,1
491414,0
197481,0
77754,1
49703,1
208981,0
48587,0
138355,1
279498,0
492484,1
230260,0
22836,0
279962,1
347708,1
319128,1
6974,0
302317,1
143245,1
266912,0
342298,0
508353,0
79754,1
3873354,1
123842,1
266686,1
287826,1
70801,0
521383,0
508665,0
373159,0
124305,0
320680,1
543738,1
3854650,0
251999,0
3614732,1
601095,0
584682,0
70665,1
593353,1
69865,1
97918,0
511681,1
561493,0
143727,0
40083,0
3634556,0
220218,0
144339,0
492410,0
509055,1
186405,0
32249,1
16487,1
265584,1
491493,1
172050,1
93676,0
164156,0
16521,0
15165,0
16526,0
422406,0
84763,0
30473,0
342198,0
505575,1
598970,1
365335,1
136696,0
227337,1
3890305,0
278841,1
55250,0
484622,1
177711,1
229289,1
196834,1
290323,0
574617,1
272001,1
79834,0
505832,1
210480,0
209830,1
320307,1
323989,1
536963,0
381459,0
519053,1
23565,1
77771,1
302766,1
210818,0
574193,1
296532,1
550814,1
375793,1
98097,1
272190,0
485972,0
362605,0
251024,0
3879770,0
3630943,1
227863,1
239610,0
512021,0
125746,0
560208,1
568223,1
184686,0
117278,0
272439,0
185322,1
388380,0
575383,1
107640,0
693307,0
186500,0
323323,0
117080,0
62312,0
549223,0
296744,0
31079,1
348048,1
343590,1
22000,1
85114,1
534982,1
266705,1
220499,0
164118,1
185365,0
263201,0
594601,1
298615,1
593883,0
740378,1
3881871,1
386722,0
23082,0
131878,0
238209,0
179327,1
69986,0
78675,0
623096,1
137033,0
84943,1
402898,1
266198,1
22915,1
551656,1
165551,0
144343,0
220508,1
56006,0
184043,0
592909,0
372074,1
485873,0
230880,1
609597,1
16570,1
203140,0
485254,1
492687,1
230269,1
261480,0
372014,1
261982,1
397493,1
3591745,0
300370,0
371218,0
372076,0
362701,0
422267,1
419572,0
238119,0
48506,1
509885,1
568714,0
250396,0
382362,1
301523,0
549350,1
418693,0
30959,1
177269,1
9037,1
486928,1
618057,0
388595,0
55713,0
505765,0
105961,1
599445,1
144655,1
611461,1
48470,0
700210,0
376718,1
71063,0
171644,1
568782,1
623031,1
239357,1
273413,0
84655,0
402479,1
40120,0
23751,0
561154,1
69715,1
93907,0
272438,0
619259,1
517802,1
123648,1
301598,1
271427,0
618943,0
417504,1
593838,1
296893,1
124441,0
238484,1
568243,0
8958,1
691327,0
617732,0
238368,1
123644,1
367328,1
124485,0
493838,0
123642,1
3873387,0
214334,1
179533,1
262494,1
618941,0
99151,0
208666,0
492413,1
164410,1
560355,0
279905,0
492267,0
218717,1
266660,0
265769,0
272044,1
271465,1
131043,0
363288,0
64087,1
574424,0
622082,0
382689,0
23630,0
39540,1
382631,1
296520,1
30690,0
463654,1
537060,1
491587,0
124410,0
594932,1
143463,1
105735,1
8277,0
252285,1
106810,1
382333,1
324847,0
55965,0
9125,1
365384,1
3591320,0
599980,1
130478,1
388479,1
228576,1
381900,0
279874,0
609436,1
536897,0
419062,0
362340,0
342029,0
14857,1
263161,1
382291,0
370909,1
663409,0
237990,1
559114,0
98103,1
289939,1
48377,0
272825,0
272817,1
320373,1
514107,1
3854006,0
39582,0
98989,1
171633,0
322772,0
278359,1
228187,0
123215,0
363741,0
69620,1
346046,0
594813,1
272894,1
485919,1
78383,1
402421,0
62472,1
3589766,1
517088,0
279877,1
251013,0
341834,1
561691,0
545928,1
227753,1
32347,1
8812,0
164628,0
84236,1
289146,1
518042,1
177352,1
419213,1
137853,0
178189,1
343782,1
297272,1
595033,1
14951,1
301554,1
508186,1
266676,1
371633,1
99511,1
272443,1
3612677,1
561883,1
17360,1
750910,1
97752,1
372132,0
106016,1
543438,0
164760,0
381217,0
3590354,0
144338,1
345603,1
250250,0
522016,1
62718,1
278840,0
509629,0
491508,0
196599,1
69516,0
3627106,0
215721,0
92777,1
660153,1
508188,1
230787,0
84734,0
122934,0
79592,0
3878589,0
240399,1
23621,1
8954,0
536220,1
165463,0
17189,1
508523,1
92107,1
185296,1
271538,0
55097,0
15379,1
518365,1
214250,0
106255,0
302318,1
618159,1
622997,1
131517,1
512170,1
91973,1
521892,1
585215,0
92000,0
144012,0
3552972,0
145375,0
3851638,0
228444,1
346865,1
561568,0
3575440,1
3865488,1
92456,1
62412,1
69388,1
47374,1
24105,1
397294,0
514214,0
63694,1
215468,1
422812,0
396743,0
144342,0
41302,1
229492,1
463628,1
363318,0
272043,0
98143,1
272285,0
3551653,0
298663,0
511864,0
22457,0
378144,1
599761,1
570110,1
364129,0
3909358,0
91691,0
267099,1
32269,0
422532,1
136362,0
321207,1
260773,1
3622166,1
267602,0
49670,1
77757,1
31620,1
23106,1
521719,1
485126,0
129976,0
171149,0
485478,1
123488,1
263144,0
396707,0
69716,0
125789,1
24372,1
463664,1
176955,1
40752,1
215648,1
290071,1
137841,1
262017,0
345647,0
250705,1
99928,0
362801,1
3882952,0
380972,0
287932,1
31476,1
611078,0
70414,1
177232,0
262021,0
422292,0
417530,1
288904,1
522033,0
537400,1
24200,0
85523,1
261597,1
260779,1
362814,1
125729,1
48116,1
289549,1
287766,0
267011,0
318939,0
252057,0
184216,1
342686,0
229401,1
171546,0
600977,1
273845,0
272835,0
7840,1
7980,0
132261,0
496917,1
527985,0
144017,1
279781,0
3576027,0
40304,0
362496,0
144122,0
85884,0
560668,1
3583236,1
130007,0
184648,0
3894635,1
7289,0
163988,0
36898,1
584983,1
170693,1
250276,0
302810,1
48040,0
230259,0
197884,0
77428,1
601105,1
64758,1
417404,1
228721,1
619123,0
362766,1
3904801,0
594970,1
3903125,1
30820,0
560911,1
137421,1
85165,1
30426,1
318881,0
342792,1
240021,0
273841,0
561279,0
505915,0
373173,0
171688,0
618641,1
363946,0
125363,0
221053,0
230675,0
388678,0
16863,1
39148,1
92212,0
508634,0
64734,1
62363,1
92647,1
227719,1
262157,0
593943,1
261413,0
47348,0
107137,0
62233,1
30466,0
319295,0
32196,0
177186,0
164407,0
508180,0
3868237,1
3888154,1
210467,0
381207,0
261719,1
145460,1
3873367,1
296470,1
618373,1
544281,0
342194,0
569452,1
574691,0
177670,0
508754,0
177518,1
92026,1
220300,1
15800,1
381539,0
16534,1
55307,1
266089,1
567548,1
387675,1
32434,1
79105,1
273517,1
594078,0
296927,0
3878612,0
371144,0
178516,1
164625,0
3880941,1
131577,1
491746,1
215698,1
513328,0
198277,1
289875,0
163519,1
575411,0
124125,0
250166,0
560339,0
560340,1
143318,1
92039,1
372189,1
30420,0
508132,0
92926,1
288796,0
98409,0
387682,0
551474,1
3890632,0
105500,1
504630,1
517214,0
30499,1
143841,0
594790,1
561539,1
54202,0
216396,0
372136,0
238094,1
279881,0
289299,1
369211,1
559879,1
143269,0
289221,1
266252,0
513108,1
202399,0
249880,1
178047,0
544749,0
239633,1
342729,1
178068,1
39391,0
144885,1
373158,1
69985,1
511792,1
386311,0
300887,1
382083,0
238399,1
422639,1
372569,0
238445,1
599000,0
261284,1
485437,1
569781,0
266245,0
486099,1
3907938,1
77931,1
85870,1
561597,0
238219,0
418725,1
517206,0
15766,1
3599818,0
91713,1
177229,0
227640,1
30474,1
132289,0
78960,1
91582,0
3605475,0
544330,0
300889,0
288990,0
504771,1
93807,0
388637,1
186439,1
568432,1
30937,1
177473,0
265200,1
30921,1
3878902,0
124435,0
204490,0
382016,1
209706,0
143223,0
165297,0
3854866,1
228104,1
260801,0
363197,0
609240,1
125741,1
62386,1
362637,0
229262,1
618915,1
551064,1
22887,1
514260,1
347432,0
567736,1
320938,0
567624,1
512099,0
380669,0
3552178,0
298790,0
40164,0
592959,1
535974,1
41180,0
537127,0
124430,0
143273,1
8217,1
250189,0
493601,0
586370,1
48969,1
231275,1
164620,0
3607126,0
40830,0
119158,0
203727,1
265426,0
239073,1
381221,1
39196,0
297743,1
3888673,0
570233,1
185266,1
289198,1
144247,1
367162,0
8394,1
8865,0
319606,1
301596,0
65410,0
641890,1
622662,1
319011,1
261410,0
320299,1
3618157,0
124967,1
92015,1
583340,1
177338,0
30618,1
132176,0
594815,1
250182,1
485921,0
99035,0
611099,1
594364,1
543575,1
251848,1
3613683,1
366937,1
457615,1
265977,0
300554,0
298446,0
250793,1
288877,0
543706,1
3590079,0
559692,1
3901095,1
485119,1
569057,0
568817,0
569439,0
229234,1
130331,1
249875,1
543861,0
48548,0
594918,1
177007,0
56005,0
593036,1
365391,0
396744,1
3626450,1
534980,0
599213,1
362891,0
84764,0
40392,1
617494,1
618155,0
296994,1
164409,0
227176,1
198710,1
64804,1
266984,0
296899,1
93677,1
93824,1
3853273,0
8241,1
31741,1
544674,1
123923,0
184147,0
23117,0
506060,1
172474,1
238350,1
318936,1
132142,0
3616725,1
559490,0
136799,0
62990,0
107090,1
422965,1
381357,0
123839,1
460875,1
107192,1
536401,1
40870,1
534644,0
91627,1
214427,1
3628218,0
592425,0
21810,1
165099,1
610926,0
618113,0
3869860,0
124371,0
48762,1
544707,0
3913787,1
387029,0
417486,0
345848,0
250279,0
3616593,0
238443,1
544954,0
278657,1
345526,1
375730,0
123805,0
619552,1
561517,1
348278,0
559250,0
422046,0
396834,0
3591972,0
417395,1
381417,0
342095,1
593526,1
536231,0
30893,0
568221,0
98151,1
177335,0
98067,0
297273,1
319196,0
536567,0
138828,0
485110,1
324762,1
320224,1
3577002,0
301978,1
106252,1
62266,1
521951,1
623143,0
561476,1
271950,1
184577,0
610571,1
92229,1
3625291,1
485152,1
16243,0
418742,1
49986,1
116275,1
177805,1
56106,0
570084,1
24060,0
303010,0
300755,1
387591,1
70918,1
48013,0
185795,1
3552546,0
240432,1
172123,1
567477,1
130214,0
41274,0
548786,0
491505,1
71691,1
130681,1
319008,1
521864,0
278565,1
508315,0
593796,0
250252,0
509516,1
463290,1
184047,1
599963,1
250256,0
549980,0
69496,1
171643,0
122979,0
238809,1
485730,1
537084,0
145382,0
179180,0
511558,0
252033,1
273928,0
92727,0
3623223,1
342714,0
388390,1
342154,1
265984,1
14522,0
202468,1
521658,1
47948,1
220084,1
47376,0
619096,0
184045,0
373252,1
99398,1
266030,1
214267,0
716454,1
143814,1
77967,1
209000,1
98751,1
460608,0
422386,1
55100,0
272394,0
32173,1
210853,1
178030,0
138141,1
250183,0
221339,0
623432,1
219729,1
383211,1
16525,0
567849,1
497035,0
55372,1
3576053,0
125752,1
14515,1
8747,1
380712,0
550754,0
92382,1
560290,1
78668,0
24401,0
265908,1
130262,0
342115,0
23337,1
371217,0
132262,0
3617760,0
402329,1
138981,0
321241,1
609777,0
16333,1
623018,0
569420,1
238198,0
177781,0
165591,0
265305,1
325320,0
567498,0
216166,0
28775,1
22596,0
63302,1
138064,0
123813,0
319398,0
463349,1
125192,0
62319,0
250458,1
124429,0
273833,0
343639,0
98909,1
320551,1
62344,0
7921,0
130218,1
361843,0
516961,1
3889811,0
574122,1
238510,0
9326,1
388513,0
536233,0
40607,1
514218,0
177426,1
220066,0
22464,1
534738,0
54102,1
23595,1
622352,0
252219,1
261077,0
177367,1
48122,1
544232,1
496997,0
92649,1
535142,0
91669,1
63359,1
288567,1
186105,1
240574,1
323330,1
164412,1
549777,1
289102,0
144640,0
279324,0
54921,0
508184,0
266791,0
265943,0
105519,0
319411,0
560119,0
388391,0
544104,0
137076,1
418812,1
544126,1
177665,0
544209,0
131936,0
558996,1
239212,1
3625446,1
362214,1
69859,1
184658,0
266179,1
131418,1
70640,0
210748,0
210346,0
37063,0
91959,0
8345,1
250255,0
425769,0
98840,1
387375,0
487066,1
346311,1
184151,1
49668,1
70931,0
143635,1
320154,1
619967,1
290266,0
508702,1
177280,1
178290,1
618663,0
93964,0
323886,0
619094,1
619896,1
508144,0
145437,1
527513,0
14812,1
324226,1
377710,0
505196,1
3592760,0
177816,1
261522,0
609973,1
517465,0
609948,0
38993,1
550677,1
289117,0
267532,1
584260,1
177247,0
609966,0
15364,0
372127,0
623321,1
54263,0
99927,1
227278,0
373163,0
272967,0
186537,0
288374,0
463491,1
300658,0
238658,1
568713,0
585087,1
302752,1
396761,0
509444,1
402728,0
535258,1
567977,0
302778,0
376841,0
40337,0
78548,1
165766,0
163887,0
107454,0
214184,1
250246,0
237577,1
63819,1
485871,1
509816,1
377597,1
377526,1
3856267,1
165339,0
609835,0
559067,0
373167,0
544812,1
209919,1
272248,1
364087,0
289109,1
372193,0
586412,1
619940,1
186440,1
493966,1
22783,1
221206,0
107529,1
3600154,0
569467,0
273902,0
79734,1
262621,1
362190,0
252051,1
279944,0
536964,0
348009,0
36861,0
205158,0
343074,1
517798,0
343343,0
343550,0
107025,1
8913,1
131130,0
619982,1
3883894,0
172046,0
377960,0
30470,0
230797,0
70331,0
290359,0
298795,1
618308,1
177197,0
493501,1
319197,1
124419,0
63677,1
32573,1
487115,0
16488,1
550867,1
107618,1
659974,1
143918,0
30918,1
594357,1
267194,0
30911,0
165048,0
165780,1
378104,0
92779,1
16590,1
372137,1
23838,1
130909,1
266343,1
53999,0
71016,1
106402,1
250258,0
617665,1
86161,1
623017,0
238185,1
537254,0
543746,1
493609,0
601625,0
220069,0
136263,1
183969,1
570208,1
297710,1
663344,1
325356,1
347403,0
3886563,1
249824,1
178300,1
185973,1
41057,0
402564,1
373122,0
124066,1
124418,0
250228,0
118674,0
251941,1
92455,0
98827,0
138044,0
41276,0
287950,0
361650,0
145465,0
396957,1
8721,0
216897,0
116353,1
205155,0
228142,0
362615,1
93858,1
117360,0
178886,0
105447,1
238080,1
6967,1
506082,1
544360,0
70818,0
84297,0
70016,0
517192,1
511937,1
636445,1
267013,1
512499,1
522261,1
251187,1
205070,1
377668,0
341787,1
544793,1
593649,1
343121,0
623579,1
164146,0
216219,0
23259,1
343044,1
105417,0
3908013,1
535253,0
362745,1
418290,0
131877,0
262775,1
544049,0
3609962,1
511535,0
9321,0
517868,1
289151,1
172692,0
3874531,0
486386,1
512313,1
237839,1
376584,1
117218,0
130179,1
178004,1
301608,0
132366,1
228890,0
251075,0
251223,1
49855,1
218688,0
371121,0
396708,0
594975,0
56065,1
3625380,1
601276,1
623097,0
93970,0
63018,0
250243,0
210179,1
266016,1
185884,0
178709,1
77712,1
197261,1
62244,0
48328,0
584082,1
251269,0
228433,1
372075,0
214728,1
229094,1
273391,1
376111,0
3629663,0
78679,1
172160,1
417514,1
611359,1
388425,1
124425,0
186573,1
177969,0
561627,1
136672,1
377349,1
55806,1
129952,0
3907992,1
85638,0
84521,0
362662,1
583723,0
301539,1
69955,1
610396,0
3611349,0
164640,0
62377,0
163826,0
544179,0
40020,0
535417,1
123924,0
362912,0
107278,0
3904178,1
511516,1
163686,1
164453,0
238211,0
77612,1
463641,1
618146,1
289168,0
137208,0
144365,0
346839,1
265581,0
344001,0
323537,1
251212,1
77093,1
144245,0
185094,1
273521,1
209324,1
185396,1
388153,1
550582,1
376033,0
575625,1
460362,1
345785,1
22211,1
417433,1
521746,1
250845,0
186015,0
3593469,1
144335,0
279841,1
261438,1
171725,0
3867448,0
319457,1
70017,0
184230,1
512151,1
508190,0
319548,1
544489,1
137080,0
362865,0
396838,0
600501,0
598966,0
319373,0
367633,0
177673,0
522235,1
41181,0
363292,0
145247,0
92150,1
545436,1
71033,0
70672,0
463170,0
164906,0
278994,0
214356,0
214678,0
272637,0
23276,0
297835,1
559398,0
196167,1
346925,1
48657,1
79733,0
509890,1
63035,1
71139,1
63023,1
505360,1
560728,1
221058,0
78633,0
40482,1
55771,0
41280,1
40491,0
240581,1
558980,1
505426,1
544889,1
460390,1
298558,1
172076,0
6842,1
364034,0
178469,1
250273,0
382343,1
65422,1
130264,0
543537,0
537004,0
172494,1
231838,1
273848,0
550587,1
610458,1
600168,1
343637,0
303123,0
319154,1
137357,1
512436,0
219726,1
3599755,0
107208,1
136688,1
209368,0
505800,0
345649,1
485882,1
296835,0
227484,0
611064,0
77109,1
493397,1
583374,1
460629,1
422612,0
492711,1
91697,0
238155,0
6975,0
91589,1
551507,1
3591792,0
124370,1
78350,0
39150,0
377410,0
177435,0
92719,1
376836,1
250268,0
592666,0
319452,0
537108,1
210669,0
117313,0
228432,1
372828,0
3579690,0
171610,1
204832,1
496896,1
107291,1
217009,0
32017,0
585276,1
23484,0
54632,1
610485,1
107008,1
7992,0
123956,1
92944,1
594893,1
215816,1
485046,1
130205,0
549296,0
98346,1
249856,1
118369,0
266277,1
3878647,0
302747,1
91989,0
130845,0
550737,1
3851536,1
518715,0
9163,1
171256,1
537363,1
204833,1
238486,1
164629,0
3884651,0
623414,0
288923,1
30471,0
15163,0
183882,1
592275,0
238213,0
86220,1
49631,1
388423,0
77621,1
347852,0
381206,0
8301,0
125631,0
179194,1
54918,0
382640,0
375560,0
238276,0
348238,0
64983,0
362889,0
372106,1
362639,0
610121,0
185684,1
323542,1
561891,1
216190,0
204877,0
84751,1
622444,1
560356,1
132144,1
229177,1
250132,0
560881,0
22279,0
77716,1
221332,0
219704,1
107488,1
517146,1
77610,0
561678,1
100158,1
610876,0
3559254,0
216967,1
78659,0
491512,0
323558,0
77652,1
561498,1
272080,1
210769,1
77714,1
289095,1
238647,1
71034,0
486188,1
136308,0
266085,1
419649,0
534971,0
54692,1
422291,0
513258,1
251645,1
402416,1
49729,0
238282,0
250239,0
238507,1
48382,1
278725,0
70021,0
144333,0
296753,0
301601,0
536235,0
371208,0
618912,0
509712,1
3628249,1
321142,0
512997,0
84461,0
417515,1
118082,1
559814,1
561793,0
342702,0
273038,1
164458,1
302657,1
91415,0
560758,1
422807,0
230636,1
508928,1
252305,0
288693,0
599848,1
78348,1
491847,1
545220,0
99332,1
521824,0
210105,1
272589,1
278561,1
3903919,0
301555,0
137082,1
347964,0
320807,0
289096,0
9278,0
8286,1
28759,1
48553,1
177184,1
30621,0
145318,1
55011,1
227643,1
301562,0
78791,1
534943,0
636286,1
550225,0
262264,1
251020,0
324890,1
486587,0
3600202,1
387859,0
8184,1
3627201,0
260809,1
377844,1
549073,0
39197,0
62269,0
362029,1
252060,0
372385,0
117225,0
137352,1
484683,1
164619,0
240108,1
99931,0
3868022,1
3862026,1
131326,1
266037,1
561118,1
228609,0
323124,1
619089,1
265416,1
172503,0
47395,1
535642,0
209279,1
124966,0
262132,0
584050,0
558846,1
296777,1
124378,0
16919,1
381982,1
172224,1
98803,1
517971,0
172519,1
198477,1
138569,0
511690,1
3913144,0
238118,0
371211,0
98621,0
377250,1
3576858,0
367274,0
600782,0
372574,0
250179,0
486782,1
619920,1
130811,0
592294,0
342124,0
362715,0
98321,1
171177,0
266659,0
172247,0
575671,0
164686,0
396742,0
319586,0
220438,0
508462,1
124360,1
573709,1
184274,0
100105,0
491965,1
3576692,1
3591331,0
3613793,1
364070,1
65433,1
663376,1
266885,0
84958,1
16567,0
544084,1
30964,1
63219,1
544246,1
230777,0
184295,1
3630112,1
262433,1
594841,0
300850,1
97915,0
84897,0
505871,1
319035,1
288724,0
517211,0
3603376,0
136313,0
228274,1
601283,0
506127,1
543640,1
238317,0
343567,1
209680,0
288845,0
619258,0
492486,0
504982,1
227436,0
592999,1
492690,0
229417,0
549340,1
485308,1
301071,1
287705,0
136361,1
3552615,0
172909,1
491947,1
296636,0
17138,0
346213,0
78660,0
24348,0
272750,1
143636,1
278861,1
48580,0
486787,0
492386,1
164151,1
21953,0
377667,1
622350,0
536041,0
106908,1
375615,0
230776,0
319070,0
3913658,0
267245,1
185455,0
548875,1
136998,0
69513,1
23265,0
164499,0
593878,1
595118,1
273850,0
381006,0
23998,1
92454,1
16392,0
619066,0
511948,1
288627,1
486772,1
388424,1
227910,1
560799,0
513066,1
543584,1
347855,1
205154,1
39512,0
107159,1
179183,1
278355,0
521575,0
39716,0
184044,0
511999,1
77784,1
303131,1
129933,1
593674,0
266311,1
3852946,0
549937,1
549906,1
92773,0
318798,1
382215,0
376247,0
543463,0
40300,0
569816,1
3576645,1
363948,0
230567,0
185225,1
504713,1
55211,0
252094,1
266199,1
214293,0
266426,0
302691,0
536466,0
164633,0
107303,1
544755,0
342697,0
228222,0
300787,0
56140,0
382385,1
271617,0
71289,1
508643,1
106059,1
319404,0
165767,0
266625,1
3901985,0
227818,1
30469,0
505993,1
32200,0
177303,1
383035,1
3629073,1
49089,1
240089,1
238187,1
48267,1
545261,1
228167,1
53704,1
535641,0
145073,1
198817,1
65408,0
609246,0
177258,1
252127,1
99031,0
319393,1
319912,1
77787,1
290362,0
99078,1
600682,1
30365,1
77261,1
238411,0
171116,0
512126,1
569463,1
288681,0
177638,0
343078,0
130682,1
279374,1
70769,1
367367,1
381979,0
372384,0
92737,0
220333,0
117476,0
387048,1
131420,0
62239,0
177642,0
362963,0
3889139,1
265868,1
228449,1
371149,1
91673,1
214285,0
485924,1
231903,0
123599,1
509903,0
486894,1
85239,0
289429,1
303026,1
164618,0
85448,0
220222,1
124357,1
184597,1
130260,0
64739,1
40705,1
107014,0
569555,1
7001,0
77701,1
15573,1
107360,1
543437,0
84379,1
375751,1
48403,1
492231,1
362707,0
320335,1
583702,1
56141,1
298484,0
371220,0
719185,0
302195,1
116310,0
550726,0
623736,0
485769,1
568132,1
220284,0
198347,1
23319,0
123462,0
261575,0
505914,1
485828,1
240049,0
250475,1
460734,1
250843,0
387681,0
273417,1
505730,1
32674,0
323892,1
22881,1
375818,1
22595,0
519230,1
485651,1
620056,1
69450,0
177679,0
208591,0
92875,0
250471,0
16005,1
250271,1
230265,1
546126,1
184932,0
534594,1
136880,0
166151,0
84752,0
568584,1
288694,0
560341,0
323246,0
267038,1
138862,0
93191,1
136204,1
288692,0
64817,1
263070,0
124802,1
301138,1
609235,1
171310,0
301255,0
397347,1
521750,1
16026,0
210411,1
69428,1
220221,0
363360,1
3890008,1
7849,1
210670,1
509466,0
298511,1
561032,0
618908,0
16561,0
342195,1
3909556,0
130220,1
342026,0
40172,1
3878584,0
172303,1
124997,1
319541,1
618938,0
618133,0
215039,0
745197,1
383185,0
164607,0
251891,1
3580729,0
509734,0
125689,0
371172,0
559859,0
124804,1
262013,0
303100,0
325511,1
569139,0
586419,1
9317,0
323597,0
85814,0
71178,0
342148,1
297053,0
396582,0
78590,1
41007,0
570193,1
186452,1
38992,1
346010,0
231527,0
535397,1
536957,1
130063,0
560337,0
125199,0
262256,1
177643,0
492619,1
491961,1
319483,1
610930,0
362497,1
170827,1
569705,1
376847,1
166098,1
16498,1
550741,1
136901,1
361719,0
618998,1
265986,1
691143,1
3908399,0
536232,0
376124,0
178149,1
7942,1
549522,1
508670,0
561499,1
48724,0
536237,0
422610,1
373168,0
271421,0
3629606,1
289886,0
171140,0
172072,0
491454,0
267525,1
250655,1
99933,0
619107,0
600670,1
65415,1
99006,1
319528,1
342365,1
3599512,0
210765,1
517457,0
65450,1
3888692,1
131124,0
371976,0
84982,0
47836,1
504890,1
265586,1
575268,0
98987,1
214264,0
325008,1
492700,1
136624,0
3863638,1
164687,1
569466,1
362650,0
362708,1
171977,1
130280,1
345847,1
592428,1
97882,1
210147,0
184926,0
422808,0
561091,0
230556,0
240133,1
507746,1
214476,1
371781,1
70197,1
238125,1
250320,0
320379,0
132145,0
124469,0
106065,1
252226,1
345779,0
3891751,0
504997,0
549343,0
105547,1
583726,1
460668,1
7565,1
574423,0
508593,0
185654,0
261545,0
47997,1
373161,0
261984,0
402423,0
362695,0
492723,1
3553862,1
272158,1
164905,0
272591,1
610120,0
24443,1
599507,1
144499,1
99878,0
584990,0
63210,0
534905,1
511892,0
341708,0
220355,1
623145,1
586530,1
279878,0
423761,0
144843,1
14564,1
71196,0
371257,0
263044,1
7203,0
347263,1
342779,1
569518,1
517236,0
622063,1
396800,0
517278,0
17293,1
512552,0
84285,1
28739,1
600743,0
584716,1
573998,0
65473,0
560925,0
366952,1
543497,1
508679,0
99092,1
179635,1
262729,0
690138,0
238338,1
117444,1
137037,0
124415,1
144178,1
3852323,1
41237,0
3607125,0
177671,0
492322,1
272831,0
491514,0
619883,1
386673,0
543531,0
79075,0
31331,1
209580,1
534760,0
610474,1
521767,0
545306,1
210228,1
262340,0
301599,0
278730,1
583927,1
323518,1
622788,1
622344,1
124434,0
508749,1
267580,1
177672,1
16083,1
98986,1
545907,1
363319,0
98727,1
397453,0
345820,1
601606,1
290405,0
568353,1
118703,0
545110,1
511975,1
273835,1
119081,0
718921,1
302684,0
85960,1
544260,0
376282,1
568411,1
8975,0
3627095,0
3911915,1
138827,0
568788,1
204675,1
289203,0
136851,0
361693,0
107824,1
177428,0
362195,0
239291,1
618151,0
177234,0
39485,0
266906,0
611272,1
184650,1
117326,0
485884,0
220276,0
48976,1
143639,1
184203,1
290355,0
546042,1
171139,0
375598,0
220112,0
491552,1
55245,1
229145,0
422464,1
273892,0
570206,1
343693,1
377892,1
85280,1
40741,1
240200,0
77615,1
288397,0
493857,0
3626603,1
600915,0
202327,1
593801,1
386431,1
266250,1
205085,0
17407,0
3592961,0
422571,0
238398,0
30361,0
504830,1
107583,1
509611,1
107120,1
105446,1
171132,1
227351,1
85064,1
319231,0
56185,0
216643,0
367638,0
376826,1
560521,0
196977,0
136870,1
505902,1
78355,1
486873,0
342144,1
324179,1
296723,1
560982,0
47631,1
171450,1
3852250,0
63275,0
84882,1
266657,0
85477,1
599764,1
144397,1
271580,1
136526,0
105418,0
517247,1
342710,0
298024,1
144171,0
164511,0
3878846,0
49332,1
623934,1
17368,0
71311,1
535143,1
202627,1
544128,1
220467,0
622978,1
3852438,1
40236,0
205211,0
346890,0
300659,0
508136,1
3592774,0
272913,1
176984,1
106783,1
266954,0
321468,1
548837,1
550080,1
261824,1
71310,0
137328,1
172756,1
3856608,1
551621,1
386240,0
107416,0
593639,0
300657,0
290422,1
144278,0
143291,0
131422,1
23619,1
492233,0
231823,0
3852249,0
48576,0
692612,0
362697,0
347542,1
272964,0
342110,0
3609474,0
346837,0
171955,0
345758,0
402408,0
422830,0
145267,1
221277,0
536488,0
380863,1
178883,1
185595,0
214777,0
137074,0
583366,1
79510,1
610343,1
84677,1
485795,1
123511,0
238824,1
509723,1
3864362,1
30698,1
261477,0
143818,0
84680,0
536202,1
593300,1
79537,0
463142,0
592711,1
250336,0
54296,1
548810,1
3910833,1
130223,0
3625070,0
30380,1
165409,1
493025,1
170653,1
570275,1
16514,0
278387,1
345927,0
343703,1
145041,0
130692,1
321452,0
144236,1
381227,0
322913,0
567984,1
31984,1
24087,1
228428,1
567902,1
238205,0
493904,0
536296,0
273449,0
508137,0
594961,0
584698,1
227293,1
298665,1
3855266,0
376245,1
165550,0
8706,1
171911,0
123019,1
124800,1
301993,1
143747,0
3578762,0
534626,0
617429,0
3860092,0
347904,0
610618,1
559428,0
425914,0
238217,0
250325,0
508661,1
511646,1
170630,0
172730,0
345845,0
172060,1
512063,1
381219,0
39479,0
99233,1
40016,0
593692,0
70808,0
16428,1
99037,1
3625080,0
610386,0
53813,0
544938,1
545708,1
550432,0
145729,1
23341,0
297163,1
251388,1
251391,1
84939,1
663440,0
107916,1
204973,1
177381,0
569418,0
512166,1
574934,1
129908,1
250408,1
343077,0
362606,0
3897281,0
177910,1
219833,0
320279,1
28864,1
166202,0
492487,0
548954,0
372354,1
70115,1
601282,1
210717,1
290178,1
184268,1
118214,0
266490,1
124408,0
463274,1
273851,0
23878,0
209681,0
319300,1
251227,0
79876,0
177431,1
3912690,0
463417,1
600425,1
3875207,0
171672,0
85667,0
69903,0
267518,0
271424,0
522127,1
98750,1
373235,0
569513,1
31634,1
518700,1
297520,0
272968,0
518714,1
106399,1
297271,0
3878832,0
230262,0
229375,1
164501,1
387303,1
486741,1
609958,0
572410,1
508352,1
64077,1
609190,1
184834,1
569909,1
78530,0
261521,0
592915,0
537187,1
250792,1
609741,1
318901,1
227616,0
23623,0
318609,0
184046,0
9109,1
513001,1
568545,0
3618173,0
376097,0
204132,1
345711,0
585501,0
485837,0
92010,0
278367,1
544328,0
8540,0
288424,1
124524,0
536623,1
568102,1
166138,1
598900,1
177432,0
238365,1
422298,1
263180,1
136794,0
177297,0
463645,0
93227,1
220393,1
261376,1
509075,0
618661,0
299041,1
48681,0
297049,1
537467,0
30787,0
620150,0
238039,1
513331,0
267523,1
508906,1
14912,1
342271,0
93052,1
3890636,0
3858811,1
506105,1
574528,1
99121,0
3614811,0
396709,1
417424,1
3890676,0
509940,0
215160,0
178049,1
3878552,0
508441,0
610388,1
130574,0
7742,0
31884,1
136926,1
320846,0
561635,0
3912271,1
622142,1
228708,0
460863,1
496972,1
71663,1
289170,0
39669,0
250184,0
463119,1
599838,0
346292,1
3859174,1
48004,0
49526,1
371264,0
227266,0
372046,1
70189,1
93019,0
77345,0
3590257,0
3634303,0
396753,1
574104,1
228279,1
32195,0
230903,0
342062,1
250245,0
77705,0
204839,0
77601,1
497000,1
570252,1
342353,1
518786,1
71070,1
544423,1
92901,1
177911,1
48875,1
376703,0
15522,0
618204,1
220876,0
172983,1
3607998,0
375564,0
250445,1
266020,1
265428,0
319395,0
325332,1
372567,0
221281,0
97769,1
568326,1
3904345,0
3618164,0
230793,1
15062,1
574696,1
388559,0
372121,0
186373,1
287691,0
178801,1
3583208,0
273846,0
422900,1
143745,1
568130,0
303096,1
422527,0
567907,0
460346,1
55009,0
93020,0
238123,0
208563,1
106511,0
341931,0
324325,0
262012,0
77648,0
380671,0
373237,0
99028,0
163602,1
30377,1
386247,0
610402,1
107007,0
184013,1
91999,0
347769,1
210668,1
47509,0
123633,1
536570,0
419003,0
63027,1
372599,1
77170,1
3581755,1
323615,1
47674,0
123185,0
137268,1
376633,0
345519,1
100156,1
618149,1
137205,1
230152,1
265427,0
386265,1
583983,1
163609,1
623120,0
251268,0
16430,1
342669,1
172729,0
3878561,0
362339,1
485688,1
17312,0
171115,0
387815,0
373165,0
318902,0
375791,0
423416,1
91919,1
105984,1
396797,1
372387,1
506118,1
3908837,1
342023,1
592881,0
288164,0
422443,0
53687,1
517070,1
297138,0
545523,1
204161,1
238511,0
3888655,1
198589,1
63935,0
288803,0
343084,0
55924,1
600564,0
186717,1
261418,0
84601,1
485503,1
535457,0
164761,0
69437,0
117127,1
203899,1
54917,0
143180,1
574117,1
64878,1
290267,1
261155,1
49959,1
238214,0
506006,1
549263,1
117205,0
575339,0
593182,1
3907960,0
377965,0
418449,1
132403,1
123711,1
184685,1
15631,1
278241,0
522151,0
491693,1
177301,0
543453,1
362716,0
230455,0
31358,1
569140,1
130944,1
302021,1
402420,1
371503,0
381001,0
118806,1
319059,0
496964,1
619311,0
239090,0
600929,0
17314,1
298980,0
47500,1
487170,1
250278,0
85012,0
22599,1
289297,1
164456,0
561274,0
77226,1
504754,1
363365,1
3880099,1
319658,1
91962,0
40743,0
558972,0
550315,1
40799,1
23047,0
16050,1
228786,1
492718,0
172848,0
493905,0
79835,1
618914,0
583904,1
3606919,1
130101,1
165584,0
375561,0
560258,0
137849,0
319025,1
177391,1
3616604,0
3863488,1
265940,1
584719,0
117290,0
230683,0
91926,1
55150,1
3890565,1
107277,0
375693,1
215046,1
362537,1
117540,0
485897,0
116300,0
179472,0
15663,0
287596,0
742632,0
290363,0
22099,0
593645,1
537031,0
491480,1
486139,0
71010,1
513148,0
165333,1
15205,1
163824,1
227315,0
273654,0
266075,0
573625,1
179566,1
15630,1
321099,0
98957,0
279401,0
417452,0
519225,0
138291,0
320912,1
176990,1
130439,0
31499,1
231424,1
364104,0
163588,1
289201,1
208781,1
543457,1
15492,0
561187,1
47507,1
16242,0
3613916,1
209743,1
521956,1
323956,1
144498,0
423523,1
262220,0
164457,0
396578,0
252074,1
715643,0
485100,0
297090,1
91954,1
47277,1
346793,1
388193,1
3580515,0
343122,0
273070,1
320940,0
381106,0
279661,1
288880,0
3576662,0
265799,0
599726,1
363715,1
362700,0
3852362,0
618421,1
220017,1
278947,1
184202,0
485195,0
62454,1
84107,1
17055,1
208935,1
3913996,1
163927,1
47293,0
220285,1
184366,0
262545,1
39388,0
130227,1
238499,0
217011,0
371290,1
92904,1
508946,0
266470,0
215730,1
123725,1
319928,1
85995,0
3616588,0
130906,0
124806,0
250186,0
77064,0
178541,1
3616577,0
387554,0
63187,0
543523,1
230901,1
229027,1
172727,1
298741,0
3631454,1
63780,0
208898,0
383147,0
567733,1
492411,0
345682,1
31742,1
250422,1
3612659,1
388558,0
373154,1
197295,1
610129,0
504922,1
54957,1
551352,1
3895257,1
3856707,1
618131,0
323193,1
600502,1
47152,0
165971,1
107280,0
220578,1
320153,0
3600083,0
508513,1
347373,1
534758,0
387722,0
251000,1
521896,0
261328,1
47555,0
543538,1
537365,1
574258,0
136311,1
512380,1
656580,0
64646,1
3616558,1
617522,0
508014,1
123690,0
362713,0
260906,0
79810,0
139129,1
117482,1
171803,0
493090,1
660105,1
493101,1
99805,1
143268,1
186202,0
372190,1
511865,1
69512,0
230421,0
324611,1
362396,1
122896,0
594967,1
106285,1
543556,1
656763,0
238922,0
593324,1
227617,0
48330,1
171677,1
250784,1
177026,1
560757,1
62339,0
592835,1
62280,1
600446,0
252172,1
372182,1
3852184,0
47934,1
279941,0
497067,0
221338,0
491887,1
23070,0
372140,0
266337,0
250088,1
15220,1
509058,1
3627084,0
118982,0
163884,0
343938,0
261720,0
136841,0
263071,0
132367,0
598911,1
215289,0
511787,1
3858289,1
196582,1
319101,1
78009,1
3912185,0
611783,1
3891831,0
3634976,1
3555915,1
229335,1
372188,1
171117,1
460756,1
273890,0
419407,1
239418,0
568952,0
16918,1
117207,0
3862127,0
373233,0
178988,0
124830,0
22849,0
7376,0
98440,1
131956,1
262426,1
105454,1
3551479,1
493028,0
240601,0
70636,0
266060,1
544706,1
184102,1
272833,0
209128,0
203114,0
56055,1
402759,0
164974,0
272488,0
381208,0
170759,0
125696,0
3624571,0
221013,0
17355,0
381004,0
136871,0
272885,0
48556,0
504600,0
124479,1
228318,1
144330,0
544120,1
296747,1
130963,0
417481,0
92233,1
323005,0
238804,0
117519,1
574968,1
372239,1
65509,1
97908,0
396798,0
54863,0
593245,1
562017,1
203649,1
492485,0
273343,1
41232,0
343079,1
418831,1
386402,1
346922,1
320287,1
618907,0
318840,0
418850,1
3868111,1
297014,1
493778,0
397449,1
138191,0
3909795,1
122920,0
143313,1
131800,1
3888637,1
77144,1
560910,1
62983,0
387715,1
178105,0
23180,0
262011,0
618116,1
3628867,0
176781,0
197958,1
585750,0
93604,1
131416,1
91545,0
137414,0
298590,0
297219,1
3585799,1
362634,0
320885,0
15498,1
343640,0
383048,1
202359,0
221311,1
417471,0
124528,0
560331,1
215047,1
251889,0
48739,1
54274,0
220394,0
220839,1
172215,0
3602208,0
346382,1
273542,0
509772,0
323281,1
125512,0
512067,1
559498,1
371119,1
3877172,1
272547,1
545839,1
79529,1
618942,0
70802,0
568700,1
143786,0
185039,1
47296,0
561143,1
64010,1
568242,0
592947,1
85363,1
92736,1
622208,1
518870,1
69718,1
99854,0
367080,0
265805,1
251222,1
618931,0
238278,0
610893,1
3861726,1
348219,0
7839,0
324349,0
594080,1
508644,0
511959,1
321301,1
301761,0
383273,0
3883106,1
3911245,1
266071,0
3578211,0
3866799,0
484677,1
229220,0
185646,1
3852267,0
63136,1
387553,0
123802,0
98991,0
171710,0
611506,1
485886,0
371506,1
55882,1
492512,1
220511,0
598926,1
186507,0
663418,0
205161,0
23143,1
423198,0
550844,1
209708,1
419335,1
23499,1
386408,1
